{
  "registrations": [
    {
      "student_name": "bvfcdxs",
      "roll_no": "1234567890",
      "course": "b.tech",
      "college": "Noida International University (NIU)",
      "college_id": "",
      "other_college": "",
      "events": "Singing",
      "group_members": "fdb",
      "contact_numbers": "dfb",
      "total_amount": 0,
      "payment_screenshot": "1234567890_Screenshot_2024-09-19_132953.png",
      "payment_status": "Submitted",
      "id": 1,
      "created_at": "2026-01-13 11:06:20"
    },
    {
      "student_name": "satys",
      "roll_no": "234567890",
      "course": "b.tech",
      "college": "Lloyd Business School",
      "college_id": "",
      "other_college": "",
      "events": "Dance Competition",
      "group_members": "",
      "contact_numbers": "23456789",
      "total_amount": 0,
      "payment_screenshot_url": "https://res.cloudinary.com/davsrj51w/image/upload/v1768558648/zeal10/payments/zeal10/payments/234567890_20260116_154725.png",
      "payment_status": "Submitted",
      "id": 2,
      "created_at": "2026-01-16 15:47:31"
    }
  ],
  "last_id": 2
}